{"cameraMode":{"drawMode":0,"name":"Shaded","section":"Shading Mode"},"sceneLighting":false,"audioPlay":false,"sceneViewState":{"m_AlwaysRefresh":false,"showFog":true,"showSkybox":false,"showFlares":true,"showImageEffects":true,"showParticleSystems":true,"showVisualEffectGraphs":true,"m_FxEnabled":true},"in2DMode":false,"pivot":{"x":0.05938977003097534,"y":-0.9776641130447388,"z":-0.5715452432632446},"rotation":{"x":0.2272019386291504,"y":-0.6855206489562988,"z":0.24010390043258668,"w":0.6486841440200806},"size":1.4646724462509156,"orthographic":false}